month,year,q_lag_roll_6,q_lag_roll_12
1,2023,617.8333333333334,388.75
2,2023,676.8333333333334,389.1666666666667
3,2023,700.6666666666666,390.3333333333333
4,2023,648.8333333333334,412.4166666666667
5,2023,533.0,419.8333333333333
6,2023,403.1666666666667,440.5833333333333
